{
  "Base64 encode test" : {
    "transaction" : "Base64 encode test",
    "sampleCount" : 16780,
    "errorCount" : 8040,
    "errorPct" : 47.914185,
    "meanResTime" : 1230.7854588796124,
    "medianResTime" : 420.0,
    "minResTime" : 408.0,
    "maxResTime" : 70663.0,
    "pct1ResTime" : 1485.0,
    "pct2ResTime" : 2299.0,
    "pct3ResTime" : 20020.0,
    "throughput" : 0.4740235919112253,
    "receivedKBytesPerSec" : 0.13378535935621155,
    "sentKBytesPerSec" : 0.06573374028456444
  },
  "POST" : {
    "transaction" : "POST",
    "sampleCount" : 16952,
    "errorCount" : 8060,
    "errorPct" : 47.546013,
    "meanResTime" : 1206.653138272771,
    "medianResTime" : 420.0,
    "minResTime" : 408.0,
    "maxResTime" : 72634.0,
    "pct1ResTime" : 1449.0,
    "pct2ResTime" : 2265.0,
    "pct3ResTime" : 21310.0,
    "throughput" : 0.47883894549224204,
    "receivedKBytesPerSec" : 0.25000290191244634,
    "sentKBytesPerSec" : 0.09962166123387463
  },
  "Total" : {
    "transaction" : "Total",
    "sampleCount" : 84481,
    "errorCount" : 40242,
    "errorPct" : 47.63438,
    "meanResTime" : 1250.6945940507453,
    "medianResTime" : 542.0,
    "minResTime" : 407.0,
    "maxResTime" : 72694.0,
    "pct1ResTime" : 1621.9000000000015,
    "pct2ResTime" : 2151.850000000002,
    "pct3ResTime" : 5465.19000000029,
    "throughput" : 2.3850725810948252,
    "receivedKBytesPerSec" : 1.0767581327298497,
    "sentKBytesPerSec" : 0.4187381756196408
  },
  "GET" : {
    "transaction" : "GET",
    "sampleCount" : 17021,
    "errorCount" : 8074,
    "errorPct" : 47.43552,
    "meanResTime" : 1278.2191410610449,
    "medianResTime" : 420.0,
    "minResTime" : 407.0,
    "maxResTime" : 72694.0,
    "pct1ResTime" : 1526.800000000001,
    "pct2ResTime" : 2391.0,
    "pct3ResTime" : 22356.179999999556,
    "throughput" : 0.48055627416739133,
    "receivedKBytesPerSec" : 0.19441855717947715,
    "sentKBytesPerSec" : 0.05349942896004161
  },
  "PATCH" : {
    "transaction" : "PATCH",
    "sampleCount" : 16886,
    "errorCount" : 8050,
    "errorPct" : 47.672626,
    "meanResTime" : 1254.0279521497143,
    "medianResTime" : 420.0,
    "minResTime" : 407.0,
    "maxResTime" : 70472.0,
    "pct1ResTime" : 1475.0,
    "pct2ResTime" : 2331.8499999999967,
    "pct3ResTime" : 22348.560000000012,
    "throughput" : 0.4769825281915713,
    "receivedKBytesPerSec" : 0.25000917769777037,
    "sentKBytesPerSec" : 0.10110087689675834
  },
  "PUT" : {
    "transaction" : "PUT",
    "sampleCount" : 16842,
    "errorCount" : 8018,
    "errorPct" : 47.607174,
    "meanResTime" : 1283.7003918774478,
    "medianResTime" : 420.0,
    "minResTime" : 407.0,
    "maxResTime" : 71425.0,
    "pct1ResTime" : 1495.0,
    "pct2ResTime" : 2340.4999999999854,
    "pct3ResTime" : 23521.269999999764,
    "throughput" : 0.47573741983547657,
    "receivedKBytesPerSec" : 0.2490280191000863,
    "sentKBytesPerSec" : 0.09898341615708453
  }
}