{
  "Base64 encode test" : {
    "transaction" : "Base64 encode test",
    "sampleCount" : 1204,
    "errorCount" : 1144,
    "errorPct" : 95.01661,
    "meanResTime" : 2160.7267441860463,
    "medianResTime" : 419.0,
    "minResTime" : 413.0,
    "maxResTime" : 70135.0,
    "pct1ResTime" : 425.0,
    "pct2ResTime" : 1729.0,
    "pct3ResTime" : 68965.95000000001,
    "throughput" : 3.092373088135201,
    "receivedKBytesPerSec" : 0.9901144068884922,
    "sentKBytesPerSec" : 0.4288251743312486
  },
  "POST" : {
    "transaction" : "POST",
    "sampleCount" : 1223,
    "errorCount" : 1160,
    "errorPct" : 94.84873,
    "meanResTime" : 1783.4505314799655,
    "medianResTime" : 419.0,
    "minResTime" : 413.0,
    "maxResTime" : 69880.0,
    "pct1ResTime" : 425.0,
    "pct2ResTime" : 1718.5999999999976,
    "pct3ResTime" : 68178.8,
    "throughput" : 3.0693553851752395,
    "receivedKBytesPerSec" : 1.0542870273933067,
    "sentKBytesPerSec" : 0.614470560508715
  },
  "Total" : {
    "transaction" : "Total",
    "sampleCount" : 6077,
    "errorCount" : 5768,
    "errorPct" : 94.91525,
    "meanResTime" : 1851.9825571828185,
    "medianResTime" : 419.0,
    "minResTime" : 413.0,
    "maxResTime" : 70159.0,
    "pct1ResTime" : 425.0,
    "pct2ResTime" : 1613.6999999999853,
    "pct3ResTime" : 51541.62000000005,
    "throughput" : 15.23492927803934,
    "receivedKBytesPerSec" : 5.128501627031282,
    "sentKBytesPerSec" : 2.602107709815586
  },
  "GET" : {
    "transaction" : "GET",
    "sampleCount" : 1230,
    "errorCount" : 1170,
    "errorPct" : 95.12195,
    "meanResTime" : 1937.6455284552849,
    "medianResTime" : 419.0,
    "minResTime" : 413.0,
    "maxResTime" : 70048.0,
    "pct1ResTime" : 558.0,
    "pct2ResTime" : 2021.1000000000072,
    "pct3ResTime" : 63482.07000000088,
    "throughput" : 3.1601664868197936,
    "receivedKBytesPerSec" : 1.0480696970864807,
    "sentKBytesPerSec" : 0.3518154096654848
  },
  "PATCH" : {
    "transaction" : "PATCH",
    "sampleCount" : 1213,
    "errorCount" : 1150,
    "errorPct" : 94.80627,
    "meanResTime" : 1832.4773289365226,
    "medianResTime" : 419.0,
    "minResTime" : 413.0,
    "maxResTime" : 70159.0,
    "pct1ResTime" : 426.0,
    "pct2ResTime" : 2134.599999999994,
    "pct3ResTime" : 43793.959999999264,
    "throughput" : 3.073850980312656,
    "receivedKBytesPerSec" : 1.0569505610158152,
    "sentKBytesPerSec" : 0.6273777879739698
  },
  "PUT" : {
    "transaction" : "PUT",
    "sampleCount" : 1207,
    "errorCount" : 1144,
    "errorPct" : 94.78045,
    "meanResTime" : 1545.753106876552,
    "medianResTime" : 419.0,
    "minResTime" : 413.0,
    "maxResTime" : 70037.0,
    "pct1ResTime" : 424.0,
    "pct2ResTime" : 1125.7999999999988,
    "pct3ResTime" : 42318.32000000008,
    "throughput" : 3.1528189910979227,
    "receivedKBytesPerSec" : 1.0842432393647867,
    "sentKBytesPerSec" : 0.6311795831787834
  }
}