{
  "Base64 encode test" : {
    "transaction" : "Base64 encode test",
    "sampleCount" : 18296,
    "errorCount" : 9150,
    "errorPct" : 50.010933,
    "meanResTime" : 1424.5613248797495,
    "medianResTime" : 420.0,
    "minResTime" : 408.0,
    "maxResTime" : 70663.0,
    "pct1ResTime" : 1535.0,
    "pct2ResTime" : 2540.0,
    "pct3ResTime" : 28103.23999999964,
    "throughput" : 0.21109297993888665,
    "receivedKBytesPerSec" : 0.059935764114013426,
    "sentKBytesPerSec" : 0.0292726593274628
  },
  "POST" : {
    "transaction" : "POST",
    "sampleCount" : 18528,
    "errorCount" : 9182,
    "errorPct" : 49.557426,
    "meanResTime" : 1422.0739421416263,
    "medianResTime" : 420.0,
    "minResTime" : 408.0,
    "maxResTime" : 72634.0,
    "pct1ResTime" : 1521.1000000000022,
    "pct2ResTime" : 2536.649999999998,
    "pct3ResTime" : 29835.0,
    "throughput" : 0.2137568426157677,
    "receivedKBytesPerSec" : 0.1099763436240809,
    "sentKBytesPerSec" : 0.04433573598847144
  },
  "Total" : {
    "transaction" : "Total",
    "sampleCount" : 92249,
    "errorCount" : 45854,
    "errorPct" : 49.70677,
    "meanResTime" : 1431.5713991479715,
    "medianResTime" : 434.0,
    "minResTime" : 407.0,
    "maxResTime" : 72694.0,
    "pct1ResTime" : 1924.9000000000015,
    "pct2ResTime" : 4623.700000000019,
    "pct3ResTime" : 43425.19000000077,
    "throughput" : 1.0640369033452195,
    "receivedKBytesPerSec" : 0.4750250530961612,
    "sentKBytesPerSec" : 0.18640474163744725
  },
  "GET" : {
    "transaction" : "GET",
    "sampleCount" : 18607,
    "errorCount" : 9198,
    "errorPct" : 49.43301,
    "meanResTime" : 1462.4949750094079,
    "medianResTime" : 420.0,
    "minResTime" : 407.0,
    "maxResTime" : 72694.0,
    "pct1ResTime" : 1606.0,
    "pct2ResTime" : 2696.7999999999956,
    "pct3ResTime" : 28279.67999999982,
    "throughput" : 0.2146338035517367,
    "receivedKBytesPerSec" : 0.08617125288895404,
    "sentKBytesPerSec" : 0.02389477891103319
  },
  "PATCH" : {
    "transaction" : "PATCH",
    "sampleCount" : 18446,
    "errorCount" : 9178,
    "errorPct" : 49.756046,
    "meanResTime" : 1451.141494090864,
    "medianResTime" : 420.0,
    "minResTime" : 407.0,
    "maxResTime" : 70472.0,
    "pct1ResTime" : 1554.2999999999993,
    "pct2ResTime" : 2538.5999999999913,
    "pct3ResTime" : 28943.839999999967,
    "throughput" : 0.2128133847551202,
    "receivedKBytesPerSec" : 0.10984650639935939,
    "sentKBytesPerSec" : 0.04497311106748548
  },
  "PUT" : {
    "transaction" : "PUT",
    "sampleCount" : 18372,
    "errorCount" : 9146,
    "errorPct" : 49.782276,
    "meanResTime" : 1397.1625299368563,
    "medianResTime" : 420.0,
    "minResTime" : 407.0,
    "maxResTime" : 71425.0,
    "pct1ResTime" : 1556.0,
    "pct2ResTime" : 2486.0,
    "pct3ResTime" : 28007.0,
    "throughput" : 0.2119560078452796,
    "receivedKBytesPerSec" : 0.1091912571313644,
    "sentKBytesPerSec" : 0.04396811163135243
  }
}