{
  "Base64 encode test" : {
    "transaction" : "Base64 encode test",
    "sampleCount" : 115,
    "errorCount" : 0,
    "errorPct" : 0.0,
    "meanResTime" : 1107.6347826086958,
    "medianResTime" : 806.0,
    "minResTime" : 417.0,
    "maxResTime" : 3883.0,
    "pct1ResTime" : 2184.6,
    "pct2ResTime" : 2775.799999999999,
    "pct3ResTime" : 3803.3200000000015,
    "throughput" : 7.002801120448179,
    "receivedKBytesPerSec" : 1.7096682422969187,
    "sentKBytesPerSec" : 0.9710915616246498
  },
  "POST" : {
    "transaction" : "POST",
    "sampleCount" : 143,
    "errorCount" : 2,
    "errorPct" : 1.3986014,
    "meanResTime" : 1178.86013986014,
    "medianResTime" : 871.0,
    "minResTime" : 417.0,
    "maxResTime" : 5947.0,
    "pct1ResTime" : 2415.3999999999996,
    "pct2ResTime" : 2949.1999999999985,
    "pct3ResTime" : 4918.720000000005,
    "throughput" : 7.1931589537223335,
    "receivedKBytesPerSec" : 4.979044186996982,
    "sentKBytesPerSec" : 1.4400367046026157
  },
  "Total" : {
    "transaction" : "Total",
    "sampleCount" : 668,
    "errorCount" : 7,
    "errorPct" : 1.0479041,
    "meanResTime" : 1157.2619760479056,
    "medianResTime" : 897.0,
    "minResTime" : 416.0,
    "maxResTime" : 5947.0,
    "pct1ResTime" : 2258.4,
    "pct2ResTime" : 2768.6999999999994,
    "pct3ResTime" : 3518.9299999999944,
    "throughput" : 32.89182135998818,
    "receivedKBytesPerSec" : 18.63984640430351,
    "sentKBytesPerSec" : 5.592694433502388
  },
  "GET" : {
    "transaction" : "GET",
    "sampleCount" : 153,
    "errorCount" : 2,
    "errorPct" : 1.3071896,
    "meanResTime" : 1185.4117647058815,
    "medianResTime" : 991.0,
    "minResTime" : 416.0,
    "maxResTime" : 3968.0,
    "pct1ResTime" : 2120.0,
    "pct2ResTime" : 2629.399999999998,
    "pct3ResTime" : 3708.260000000004,
    "throughput" : 7.884565833548055,
    "receivedKBytesPerSec" : 3.728148753542901,
    "sentKBytesPerSec" : 0.8777739306879669
  },
  "PATCH" : {
    "transaction" : "PATCH",
    "sampleCount" : 134,
    "errorCount" : 2,
    "errorPct" : 1.4925373,
    "meanResTime" : 1144.4253731343288,
    "medianResTime" : 894.5,
    "minResTime" : 417.0,
    "maxResTime" : 3202.0,
    "pct1ResTime" : 2159.5,
    "pct2ResTime" : 2624.75,
    "pct3ResTime" : 3195.7000000000003,
    "throughput" : 7.509947878719946,
    "receivedKBytesPerSec" : 5.231393263464664,
    "sentKBytesPerSec" : 1.5327920963403014
  },
  "PUT" : {
    "transaction" : "PUT",
    "sampleCount" : 123,
    "errorCount" : 1,
    "errorPct" : 0.8130081,
    "meanResTime" : 1157.5203252032518,
    "medianResTime" : 887.0,
    "minResTime" : 418.0,
    "maxResTime" : 3939.0,
    "pct1ResTime" : 2474.0,
    "pct2ResTime" : 2806.4,
    "pct3ResTime" : 3855.2400000000016,
    "throughput" : 7.11023758598763,
    "receivedKBytesPerSec" : 4.96032104456905,
    "sentKBytesPerSec" : 1.423436235476039
  }
}