{
  "Base64 encode test" : {
    "transaction" : "Base64 encode test",
    "sampleCount" : 9030,
    "errorCount" : 7972,
    "errorPct" : 88.2835,
    "meanResTime" : 1167.6797342192717,
    "medianResTime" : 418.0,
    "minResTime" : 408.0,
    "maxResTime" : 60410.0,
    "pct1ResTime" : 954.0,
    "pct2ResTime" : 2945.0,
    "pct3ResTime" : 22682.630000000114,
    "throughput" : 14.525671671562177,
    "receivedKBytesPerSec" : 4.572173325204534,
    "sentKBytesPerSec" : 2.0143021263299112
  },
  "POST" : {
    "transaction" : "POST",
    "sampleCount" : 9088,
    "errorCount" : 7996,
    "errorPct" : 87.98415,
    "meanResTime" : 1207.217649647888,
    "medianResTime" : 418.0,
    "minResTime" : 408.0,
    "maxResTime" : 60418.0,
    "pct1ResTime" : 981.3000000000011,
    "pct2ResTime" : 2981.0999999999985,
    "pct3ResTime" : 23039.510000000082,
    "throughput" : 14.199400962771882,
    "receivedKBytesPerSec" : 5.268768812682902,
    "sentKBytesPerSec" : 3.0506525505955215
  },
  "Total" : {
    "transaction" : "Total",
    "sampleCount" : 45333,
    "errorCount" : 39928,
    "errorPct" : 88.07712,
    "meanResTime" : 1208.8236825270758,
    "medianResTime" : 419.0,
    "minResTime" : 407.0,
    "maxResTime" : 60418.0,
    "pct1ResTime" : 428.0,
    "pct2ResTime" : 2307.2000000000116,
    "pct3ResTime" : 22970.360000000423,
    "throughput" : 68.89744033995058,
    "receivedKBytesPerSec" : 24.402591217430523,
    "sentKBytesPerSec" : 12.37720963409871
  },
  "GET" : {
    "transaction" : "GET",
    "sampleCount" : 9111,
    "errorCount" : 8018,
    "errorPct" : 88.00351,
    "meanResTime" : 1207.7411919657557,
    "medianResTime" : 418.0,
    "minResTime" : 407.0,
    "maxResTime" : 59810.0,
    "pct1ResTime" : 1075.4000000000087,
    "pct2ResTime" : 3161.0,
    "pct3ResTime" : 23073.0,
    "throughput" : 13.846967527789683,
    "receivedKBytesPerSec" : 4.742887786996678,
    "sentKBytesPerSec" : 1.5415569318047109
  },
  "PATCH" : {
    "transaction" : "PATCH",
    "sampleCount" : 9058,
    "errorCount" : 7976,
    "errorPct" : 88.054756,
    "meanResTime" : 1255.2700375358786,
    "medianResTime" : 418.0,
    "minResTime" : 407.0,
    "maxResTime" : 60415.0,
    "pct1ResTime" : 1036.0,
    "pct2ResTime" : 3034.9499999999716,
    "pct3ResTime" : 24276.959999999977,
    "throughput" : 14.385655636816987,
    "receivedKBytesPerSec" : 5.342484177843422,
    "sentKBytesPerSec" : 3.146862170553716
  },
  "PUT" : {
    "transaction" : "PUT",
    "sampleCount" : 9046,
    "errorCount" : 7966,
    "errorPct" : 88.06102,
    "meanResTime" : 1206.0906478001314,
    "medianResTime" : 418.0,
    "minResTime" : 407.0,
    "maxResTime" : 60417.0,
    "pct1ResTime" : 996.3000000000002,
    "pct2ResTime" : 2948.7999999999956,
    "pct3ResTime" : 23967.52000000012,
    "throughput" : 14.210422966657502,
    "receivedKBytesPerSec" : 5.273923806110827,
    "sentKBytesPerSec" : 3.053020559242823
  }
}